EIRP_dBm,Tx_Power_dBm,Tx_Gain_dBi,Tx_Loss_dB
20,20,0,0
19,20,0,1
16,20,0,2
17,20,0,3
18,20,0,4
15,20,0,5
14,20,0,6
13,20,0,7
12,20,0,8
11,20,0,9
10,20,0,10
21,20,1,0
19,20,1,1
20,20,1,2
18,20,1,3
17,20,1,4
13,20,1,5
15,20,1,6
14,20,1,7
12,20,1,8
22,20,1,9
11,20,1,10
16,20,2,0
20,20,2,1
21,20,2,2
19,20,2,3
18,20,2,4
17,20,2,5
15,20,2,6
14,20,2,7
16,20,2,8
12,20,2,9
13,20,2,10
23,20,3,0
19,20,3,1
22,20,3,2
20,20,3,3
16,20,3,4
18,20,3,5
15,20,3,6
13,20,3,7
14,20,3,8
23,20,3,9
17,20,3,10
21,20,4,0
24,20,4,1
19,20,4,2
20,20,4,3
18,20,4,4
21,20,4,5
15,20,4,6
17,20,4,7
16,20,4,8
24,20,4,9
25,20,4,10
21,20,5,0
22,20,5,1
20,20,5,2
14,20,5,3
23,20,5,4
18,20,5,5
16,20,5,6
17,20,5,7
22,20,5,8
26,20,5,9
15,20,5,10
24,20,6,0
19,20,6,1
25,20,6,2
22,20,6,3
21,20,6,4
20,20,6,5
17,20,6,6
19,20,6,7
27,20,6,8
26,20,6,9
25,20,6,10
16,20,7,0
23,20,7,1
21,20,7,2
19,20,7,3
18,20,7,4
20,20,7,5
22,20,7,6
28,20,7,7
27,20,7,8
23,20,7,9
18,20,7,10
25,20,8,0
24,20,8,1
26,20,8,2
20,20,8,3
17,20,8,4
21,20,8,5
27,20,8,6
23,20,8,7
22,20,8,8
24,20,8,9
26,20,8,10
18,20,9,0
28,20,9,1
25,20,9,2
19,20,9,3
19,20,9,4
24,20,9,5
30,20,9,6
22,20,9,7
29,20,9,8
28,20,9,9
20,20,9,10
29,20,10,0
23,20,10,1
27,20,10,2
22,20,10,3
25,20,10,4
20,20,10,5
31,20,10,6
21,20,10,7
23,20,10,8
26,20,10,9
28,20,10,10
21,20,11,0
26,20,11,1
24,20,11,2
25,20,11,3
24,20,11,4
23,20,11,5
29,20,11,6
27,20,11,7
30,20,11,8
31,20,11,9
30,20,11,10
29,20,12,0
28,20,12,1
22,20,12,2
21,20,12,3
32,20,12,4
26,20,12,5
25,20,12,6
27,20,12,7
24,20,12,8
22,20,12,9
32,20,12,10
23,20,13,0
33,20,13,1
30,20,13,2
28,20,13,3
27,20,13,4
31,20,13,5
26,20,13,6
24,20,13,7
25,20,13,8
29,20,13,9
34,20,13,10
23,20,14,0
33,20,14,1
32,20,14,2
31,20,14,3
30,20,14,4
27,20,14,5
26,20,14,6
28,20,14,7
24,20,14,8
35,20,14,9
29,20,14,10
33,20,15,0
34,20,15,1
25,20,15,2
32,20,15,3
31,20,15,4
30,20,15,5
28,20,15,6
29,20,15,7
27,20,15,8
25,20,15,9
21,20,15,10
26,21,0,0
19,21,0,1
20,21,0,2
18,21,0,3
16,21,0,4
17,21,0,5
14,21,0,6
13,21,0,7
15,21,0,8
11,21,0,9
22,21,0,10
12,21,1,0
21,21,1,1
20,21,1,2
19,21,1,3
18,21,1,4
17,21,1,5
16,21,1,6
14,21,1,7
15,21,1,8
12,21,1,9
23,21,1,10
13,21,2,0
22,21,2,1
20,21,2,2
19,21,2,3
18,21,2,4
21,21,2,5
15,21,2,6
17,21,2,7
16,21,2,8
24,21,2,9
22,21,2,10
21,21,3,0
23,21,3,1
20,21,3,2
13,21,3,3
19,21,3,4
17,21,3,5
18,21,3,6
14,21,3,7
16,21,3,8
15,21,3,9
14,21,3,10
25,21,4,0
24,21,4,1
23,21,4,2
21,21,4,3
20,21,4,4
22,21,4,5
18,21,4,6
19,21,4,7
15,21,4,8
26,21,4,9
25,21,4,10
24,21,5,0
17,21,5,1
23,21,5,2
16,21,5,3
21,21,5,4
20,21,5,5
19,21,5,6
18,21,5,7
17,21,5,8
22,21,5,9
26,21,5,10
16,21,6,0
25,21,6,1
24,21,6,2
27,21,6,3
23,21,6,4
21,21,6,5
22,21,6,6
20,21,6,7
17,21,6,8
28,21,6,9
18,21,6,10
19,21,7,0
26,21,7,1
25,21,7,2
27,21,7,3
21,21,7,4
20,21,7,5
22,21,7,6
18,21,7,7
29,21,7,8
19,21,7,9
27,21,7,10
26,21,8,0
24,21,8,1
25,21,8,2
28,21,8,3
23,21,8,4
23,21,8,5
24,21,8,6
20,21,8,7
22,21,8,8
29,21,8,9
19,21,8,10
28,21,9,0
21,21,9,1
30,21,9,2
25,21,9,3
24,21,9,4
27,21,9,5
23,21,9,6
26,21,9,7
22,21,9,8
21,21,9,9
20,21,9,10
29,21,10,0
28,21,10,1
31,21,10,2
27,21,10,3
26,21,10,4
30,21,10,5
24,21,10,6
25,21,10,7
23,21,10,8
22,21,10,9
21,21,10,10
31,21,11,0
32,21,11,1
30,21,11,2
29,21,11,3
28,21,11,4
27,21,11,5
26,21,11,6
25,21,11,7
23,21,11,8
22,21,11,9
33,21,11,10
24,21,12,0
32,21,12,1
31,21,12,2
29,21,12,3
30,21,12,4
28,21,12,5
26,21,12,6
25,21,12,7
23,21,12,8
24,21,12,9
34,21,12,10
32,21,13,0
27,21,13,1
30,21,13,2
31,21,13,3
28,21,13,4
27,21,13,5
29,21,13,6
33,21,13,7
26,21,13,8
24,21,13,9
35,21,13,10
34,21,14,0
25,21,14,1
32,21,14,2
33,21,14,3
29,21,14,4
31,21,14,5
27,21,14,6
26,21,14,7
28,21,14,8
36,21,14,9
30,21,14,10
25,21,15,0
34,21,15,1
35,21,15,2
32,21,15,3
33,21,15,4
31,21,15,5
30,21,15,6
29,21,15,7
28,21,15,8
27,21,15,9
26,21,15,10
21,22,0,0
22,22,0,1
20,22,0,2
19,22,0,3
18,22,0,4
17,22,0,5
16,22,0,6
15,22,0,7
14,22,0,8
13,22,0,9
12,22,0,10
23,22,1,0
21,22,1,1
22,22,1,2
20,22,1,3
19,22,1,4
18,22,1,5
17,22,1,6
16,22,1,7
15,22,1,8
14,22,1,9
22,22,1,10
13,22,2,0
20,22,2,1
21,22,2,2
18,22,2,3
24,22,2,4
16,22,2,5
17,22,2,6
14,22,2,7
19,22,2,8
24,22,2,9
25,22,2,10
22,22,3,0
21,22,3,1
23,22,3,2
23,22,3,3
20,22,3,4
15,22,3,5
17,22,3,6
16,22,3,7
19,22,3,8
26,22,3,9
24,22,3,10
18,22,4,0
25,22,4,1
15,22,4,2
21,22,4,3
20,22,4,4
19,22,4,5
23,22,4,6
18,22,4,7
16,22,4,8
17,22,4,9
22,22,4,10
25,22,5,0
26,22,5,1
27,22,5,2
24,22,5,3
23,22,5,4
22,22,5,5
21,22,5,6
19,22,5,7
18,22,5,8
17,22,5,9
20,22,5,10
27,22,6,0
26,22,6,1
23,22,6,2
28,22,6,3
25,22,6,4
21,22,6,5
20,22,6,6
24,22,6,7
22,22,6,8
19,22,6,9
18,22,6,10
29,22,7,0
28,22,7,1
27,22,7,2
26,22,7,3
25,22,7,4
23,22,7,5
24,22,7,6
21,22,7,7
19,22,7,8
22,22,7,9
30,22,7,10
29,22,8,0
28,22,8,1
26,22,8,2
27,22,8,3
20,22,8,4
24,22,8,5
25,22,8,6
22,22,8,7
20,22,8,8
31,22,8,9
30,22,8,10
21,22,9,0
23,22,9,1
28,22,9,2
27,22,9,3
26,22,9,4
29,22,9,5
24,22,9,6
23,22,9,7
25,22,9,8
22,22,9,9
32,22,9,10
31,22,10,0
21,22,10,1
29,22,10,2
28,22,10,3
27,22,10,4
30,22,10,5
26,22,10,6
25,22,10,7
24,22,10,8
23,22,10,9
22,22,10,10
33,22,11,0
32,22,11,1
31,22,11,2
30,22,11,3
29,22,11,4
28,22,11,5
27,22,11,6
26,22,11,7
25,22,11,8
24,22,11,9
23,22,11,10
34,22,12,0
33,22,12,1
32,22,12,2
31,22,12,3
30,22,12,4
28,22,12,5
29,22,12,6
27,22,12,7
26,22,12,8
25,22,12,9
24,22,12,10
35,22,13,0
34,22,13,1
33,22,13,2
32,22,13,3
30,22,13,4
31,22,13,5
28,22,13,6
27,22,13,7
25,22,13,8
26,22,13,9
29,22,13,10
36,22,14,0
35,22,14,1
34,22,14,2
32,22,14,3
31,22,14,4
30,22,14,5
29,22,14,6
33,22,14,7
27,22,14,8
28,22,14,9
26,22,14,10
37,22,15,0
36,22,15,1
34,22,15,2
35,22,15,3
33,22,15,4
32,22,15,5
31,22,15,6
30,22,15,7
29,22,15,8
28,22,15,9
27,22,15,10
23,23,0,0
22,23,0,1
21,23,0,2
20,23,0,3
18,23,0,4
19,23,0,5
17,23,0,6
16,23,0,7
15,23,0,8
14,23,0,9
13,23,0,10
24,23,1,0
23,23,1,1
22,23,1,2
21,23,1,3
20,23,1,4
19,23,1,5
18,23,1,6
17,23,1,7
16,23,1,8
14,23,1,9
25,23,1,10
15,23,2,0
24,23,2,1
23,23,2,2
22,23,2,3
20,23,2,4
19,23,2,5
18,23,2,6
21,23,2,7
17,23,2,8
16,23,2,9
15,23,2,10
26,23,3,0
25,23,3,1
24,23,3,2
23,23,3,3
22,23,3,4
21,23,3,5
20,23,3,6
19,23,3,7
18,23,3,8
17,23,3,9
16,23,3,10
27,23,4,0
26,23,4,1
25,23,4,2
24,23,4,3
23,23,4,4
22,23,4,5
21,23,4,6
20,23,4,7
19,23,4,8
17,23,4,9
28,23,4,10
27,23,5,0
18,23,5,1
26,23,5,2
25,23,5,3
23,23,5,4
24,23,5,5
22,23,5,6
21,23,5,7
20,23,5,8
19,23,5,9
18,23,5,10
29,23,6,0
28,23,6,1
27,23,6,2
26,23,6,3
25,23,6,4
24,23,6,5
23,23,6,6
22,23,6,7
20,23,6,8
21,23,6,9
19,23,6,10
30,23,7,0
29,23,7,1
28,23,7,2
27,23,7,3
26,23,7,4
25,23,7,5
24,23,7,6
23,23,7,7
22,23,7,8
21,23,7,9
20,23,7,10
31,23,8,0
30,23,8,1
29,23,8,2
28,23,8,3
27,23,8,4
26,23,8,5
24,23,8,6
25,23,8,7
22,23,8,8
23,23,8,9
21,23,8,10
32,23,9,0
31,23,9,1
29,23,9,2
30,23,9,3
28,23,9,4
27,23,9,5
26,23,9,6
25,23,9,7
24,23,9,8
23,23,9,9
22,23,9,10
33,23,10,0
32,23,10,1
31,23,10,2
29,23,10,3
28,23,10,4
27,23,10,5
26,23,10,6
30,23,10,7
23,23,10,8
34,23,10,9
24,23,10,10
25,23,11,0
33,23,11,1
31,23,11,2
32,23,11,3
29,23,11,4
30,23,11,5
27,23,11,6
26,23,11,7
25,23,11,8
24,23,11,9
35,23,11,10
34,23,12,0
33,23,12,1
28,23,12,2
32,23,12,3
31,23,12,4
30,23,12,5
29,23,12,6
28,23,12,7
27,23,12,8
26,23,12,9
25,23,12,10
36,23,13,0
35,23,13,1
34,23,13,2
32,23,13,3
33,23,13,4
31,23,13,5
30,23,13,6
29,23,13,7
28,23,13,8
27,23,13,9
26,23,13,10
37,23,14,0
36,23,14,1
35,23,14,2
34,23,14,3
32,23,14,4
33,23,14,5
29,23,14,6
30,23,14,7
31,23,14,8
28,23,14,9
38,23,14,10
27,23,15,0
36,23,15,1
35,23,15,2
37,23,15,3
33,23,15,4
34,23,15,5
32,23,15,6
31,23,15,7
30,23,15,8
28,23,15,9
29,23,15,10
23,24,0,0
24,24,0,1
22,24,0,2
21,24,0,3
20,24,0,4
19,24,0,5
18,24,0,6
16,24,0,7
17,24,0,8
15,24,0,9
25,24,0,10
14,24,1,0
24,24,1,1
22,24,1,2
23,24,1,3
21,24,1,4
20,24,1,5
19,24,1,6
18,24,1,7
17,24,1,8
16,24,1,9
15,24,1,10
25,24,2,0
26,24,2,1
24,24,2,2
22,24,2,3
23,24,2,4
21,24,2,5
19,24,2,6
20,24,2,7
17,24,2,8
16,24,2,9
27,24,2,10
18,24,3,0
26,24,3,1
25,24,3,2
23,24,3,3
24,24,3,4
22,24,3,5
20,24,3,6
21,24,3,7
19,24,3,8
18,24,3,9
17,24,3,10
28,24,4,0
27,24,4,1
26,24,4,2
24,24,4,3
25,24,4,4
22,24,4,5
23,24,4,6
21,24,4,7
20,24,4,8
19,24,4,9
18,24,4,10
29,24,5,0
28,24,5,1
27,24,5,2
26,24,5,3
25,24,5,4
24,24,5,5
22,24,5,6
23,24,5,7
21,24,5,8
20,24,5,9
19,24,5,10
30,24,6,0
29,24,6,1
28,24,6,2
27,24,6,3
26,24,6,4
25,24,6,5
24,24,6,6
23,24,6,7
22,24,6,8
21,24,6,9
20,24,6,10
31,24,7,0
30,24,7,1
29,24,7,2
27,24,7,3
26,24,7,4
28,24,7,5
23,24,7,6
24,24,7,7
22,24,7,8
25,24,7,9
21,24,7,10
32,24,8,0
31,24,8,1
30,24,8,2
29,24,8,3
28,24,8,4
27,24,8,5
26,24,8,6
25,24,8,7
24,24,8,8
23,24,8,9
22,24,8,10
33,24,9,0
31,24,9,1
30,24,9,2
32,24,9,3
29,24,9,4
28,24,9,5
27,24,9,6
25,24,9,7
26,24,9,8
24,24,9,9
34,24,9,10
23,24,10,0
33,24,10,1
31,24,10,2
30,24,10,3
29,24,10,4
32,24,10,5
28,24,10,6
27,24,10,7
26,24,10,8
25,24,10,9
24,24,10,10
35,24,11,0
34,24,11,1
33,24,11,2
32,24,11,3
31,24,11,4
30,24,11,5
28,24,11,6
29,24,11,7
27,24,11,8
26,24,11,9
25,24,11,10
36,24,12,0
35,24,12,1
34,24,12,2
33,24,12,3
32,24,12,4
31,24,12,5
30,24,12,6
29,24,12,7
28,24,12,8
27,24,12,9
26,24,12,10
37,24,13,0
36,24,13,1
35,24,13,2
34,24,13,3
33,24,13,4
31,24,13,5
30,24,13,6
32,24,13,7
28,24,13,8
29,24,13,9
27,24,13,10
38,24,14,0
37,24,14,1
36,24,14,2
35,24,14,3
34,24,14,4
33,24,14,5
31,24,14,6
32,24,14,7
30,24,14,8
29,24,14,9
28,24,14,10
39,24,15,0
38,24,15,1
37,24,15,2
36,24,15,3
35,24,15,4
34,24,15,5
33,24,15,6
32,24,15,7
31,24,15,8
30,24,15,9
29,24,15,10
24,25,0,0
25,25,0,1
23,25,0,2
22,25,0,3
21,25,0,4
19,25,0,5
20,25,0,6
18,25,0,7
17,25,0,8
16,25,0,9
15,25,0,10
26,25,1,0
25,25,1,1
24,25,1,2
23,25,1,3
22,25,1,4
20,25,1,5
21,25,1,6
19,25,1,7
18,25,1,8
17,25,1,9
16,25,1,10
27,25,2,0
26,25,2,1
24,25,2,2
23,25,2,3
21,25,2,4
25,25,2,5
22,25,2,6
19,25,2,7
20,25,2,8
17,25,2,9
28,25,2,10
18,25,3,0
27,25,3,1
26,25,3,2
25,25,3,3
24,25,3,4
23,25,3,5
22,25,3,6
21,25,3,7
20,25,3,8
19,25,3,9
18,25,3,10
29,25,4,0
28,25,4,1
27,25,4,2
26,25,4,3
25,25,4,4
24,25,4,5
23,25,4,6
22,25,4,7
21,25,4,8
20,25,4,9
19,25,4,10
30,25,5,0
29,25,5,1
28,25,5,2
27,25,5,3
26,25,5,4
25,25,5,5
24,25,5,6
23,25,5,7
22,25,5,8
21,25,5,9
31,25,5,10
20,25,6,0
30,25,6,1
28,25,6,2
29,25,6,3
26,25,6,4
27,25,6,5
25,25,6,6
24,25,6,7
23,25,6,8
22,25,6,9
21,25,6,10
31,25,7,0
32,25,7,1
30,25,7,2
29,25,7,3
28,25,7,4
27,25,7,5
26,25,7,6
25,25,7,7
24,25,7,8
23,25,7,9
22,25,7,10
33,25,8,0
32,25,8,1
31,25,8,2
30,25,8,3
28,25,8,4
29,25,8,5
27,25,8,6
26,25,8,7
25,25,8,8
24,25,8,9
23,25,8,10
34,25,9,0
33,25,9,1
32,25,9,2
31,25,9,3
30,25,9,4
29,25,9,5
28,25,9,6
27,25,9,7
26,25,9,8
25,25,9,9
24,25,9,10
35,25,10,0
34,25,10,1
33,25,10,2
32,25,10,3
31,25,10,4
30,25,10,5
29,25,10,6
28,25,10,7
27,25,10,8
26,25,10,9
25,25,10,10
36,25,11,0
35,25,11,1
34,25,11,2
33,25,11,3
32,25,11,4
31,25,11,5
29,25,11,6
30,25,11,7
28,25,11,8
27,25,11,9
26,25,11,10
37,25,12,0
36,25,12,1
35,25,12,2
34,25,12,3
33,25,12,4
32,25,12,5
31,25,12,6
30,25,12,7
29,25,12,8
27,25,12,9
28,25,12,10
38,25,13,0
37,25,13,1
36,25,13,2
35,25,13,3
34,25,13,4
33,25,13,5
32,25,13,6
31,25,13,7
30,25,13,8
29,25,13,9
28,25,13,10
39,25,14,0
38,25,14,1
37,25,14,2
36,25,14,3
35,25,14,4
34,25,14,5
32,25,14,6
31,25,14,7
30,25,14,8
33,25,14,9
29,25,14,10
40,25,15,0
38,25,15,1
39,25,15,2
37,25,15,3
36,25,15,4
35,25,15,5
34,25,15,6
33,25,15,7
32,25,15,8
31,25,15,9
30,25,15,10
24,26,0,0
25,26,0,1
26,26,0,2
23,26,0,3
22,26,0,4
21,26,0,5
20,26,0,6
19,26,0,7
18,26,0,8
17,26,0,9
16,26,0,10
27,26,1,0
26,26,1,1
25,26,1,2
24,26,1,3
23,26,1,4
22,26,1,5
20,26,1,6
21,26,1,7
19,26,1,8
18,26,1,9
17,26,1,10
28,26,2,0
27,26,2,1
26,26,2,2
25,26,2,3
24,26,2,4
23,26,2,5
22,26,2,6
21,26,2,7
20,26,2,8
19,26,2,9
18,26,2,10
29,26,3,0
28,26,3,1
27,26,3,2
26,26,3,3
25,26,3,4
24,26,3,5
23,26,3,6
22,26,3,7
21,26,3,8
20,26,3,9
19,26,3,10
30,26,4,0
29,26,4,1
28,26,4,2
27,26,4,3
26,26,4,4
25,26,4,5
24,26,4,6
23,26,4,7
22,26,4,8
21,26,4,9
20,26,4,10
31,26,5,0
30,26,5,1
29,26,5,2
28,26,5,3
27,26,5,4
26,26,5,5
25,26,5,6
24,26,5,7
23,26,5,8
22,26,5,9
21,26,5,10
32,26,6,0
31,26,6,1
30,26,6,2
29,26,6,3
28,26,6,4
27,26,6,5
26,26,6,6
25,26,6,7
24,26,6,8
23,26,6,9
22,26,6,10
33,26,7,0
32,26,7,1
31,26,7,2
30,26,7,3
29,26,7,4
28,26,7,5
27,26,7,6
26,26,7,7
25,26,7,8
24,26,7,9
23,26,7,10
33,26,8,0
34,26,8,1
32,26,8,2
31,26,8,3
30,26,8,4
29,26,8,5
28,26,8,6
27,26,8,7
25,26,8,8
26,26,8,9
24,26,8,10
35,26,9,0
34,26,9,1
33,26,9,2
32,26,9,3
31,26,9,4
30,26,9,5
29,26,9,6
28,26,9,7
27,26,9,8
26,26,9,9
25,26,9,10
36,26,10,0
35,26,10,1
34,26,10,2
33,26,10,3
32,26,10,4
31,26,10,5
30,26,10,6
29,26,10,7
28,26,10,8
27,26,10,9
26,26,10,10
37,26,11,0
36,26,11,1
35,26,11,2
34,26,11,3
33,26,11,4
32,26,11,5
31,26,11,6
30,26,11,7
29,26,11,8
28,26,11,9
27,26,11,10
38,26,12,0
37,26,12,1
36,26,12,2
35,26,12,3
34,26,12,4
33,26,12,5
32,26,12,6
31,26,12,7
30,26,12,8
29,26,12,9
28,26,12,10
39,26,13,0
38,26,13,1
37,26,13,2
36,26,13,3
35,26,13,4
34,26,13,5
33,26,13,6
32,26,13,7
31,26,13,8
30,26,13,9
29,26,13,10
40,26,14,0
39,26,14,1
38,26,14,2
37,26,14,3
36,26,14,4
35,26,14,5
34,26,14,6
33,26,14,7
32,26,14,8
31,26,14,9
30,26,14,10
41,26,15,0
40,26,15,1
39,26,15,2
38,26,15,3
37,26,15,4
36,26,15,5
35,26,15,6
34,26,15,7
33,26,15,8
32,26,15,9
31,26,15,10
27,27,0,0
26,27,0,1
25,27,0,2
24,27,0,3
23,27,0,4
22,27,0,5
21,27,0,6
20,27,0,7
19,27,0,8
18,27,0,9
17,27,0,10
28,27,1,0
26,27,1,1
25,27,1,2
24,27,1,3
23,27,1,4
27,27,1,5
22,27,1,6
21,27,1,7
20,27,1,8
19,27,1,9
18,27,1,10
29,27,2,0
28,27,2,1
27,27,2,2
25,27,2,3
24,27,2,4
26,27,2,5
23,27,2,6
22,27,2,7
21,27,2,8
19,27,2,9
30,27,2,10
20,27,3,0
29,27,3,1
28,27,3,2
27,27,3,3
26,27,3,4
25,27,3,5
24,27,3,6
23,27,3,7
22,27,3,8
21,27,3,9
20,27,3,10
31,27,4,0
30,27,4,1
29,27,4,2
28,27,4,3
27,27,4,4
26,27,4,5
25,27,4,6
24,27,4,7
23,27,4,8
22,27,4,9
21,27,4,10
32,27,5,0
31,27,5,1
30,27,5,2
29,27,5,3
28,27,5,4
27,27,5,5
25,27,5,6
26,27,5,7
23,27,5,8
24,27,5,9
22,27,5,10
33,27,6,0
32,27,6,1
31,27,6,2
30,27,6,3
29,27,6,4
28,27,6,5
27,27,6,6
26,27,6,7
25,27,6,8
24,27,6,9
23,27,6,10
34,27,7,0
33,27,7,1
32,27,7,2
31,27,7,3
30,27,7,4
29,27,7,5
28,27,7,6
27,27,7,7
26,27,7,8
25,27,7,9
35,27,7,10
24,27,8,0
34,27,8,1
33,27,8,2
32,27,8,3
31,27,8,4
29,27,8,5
30,27,8,6
28,27,8,7
27,27,8,8
26,27,8,9
25,27,8,10
36,27,9,0
35,27,9,1
34,27,9,2
32,27,9,3
31,27,9,4
30,27,9,5
33,27,9,6
29,27,9,7
28,27,9,8
27,27,9,9
26,27,9,10
37,27,10,0
35,27,10,1
36,27,10,2
34,27,10,3
33,27,10,4
32,27,10,5
31,27,10,6
30,27,10,7
29,27,10,8
28,27,10,9
27,27,10,10
38,27,11,0
37,27,11,1
35,27,11,2
34,27,11,3
36,27,11,4
33,27,11,5
32,27,11,6
31,27,11,7
30,27,11,8
28,27,11,9
29,27,11,10
39,27,12,0
38,27,12,1
37,27,12,2
36,27,12,3
35,27,12,4
34,27,12,5
33,27,12,6
32,27,12,7
31,27,12,8
30,27,12,9
29,27,12,10
40,27,13,0
39,27,13,1
38,27,13,2
37,27,13,3
36,27,13,4
35,27,13,5
34,27,13,6
33,27,13,7
32,27,13,8
31,27,13,9
30,27,13,10
41,27,14,0
40,27,14,1
39,27,14,2
38,27,14,3
37,27,14,4
36,27,14,5
35,27,14,6
34,27,14,7
33,27,14,8
32,27,14,9
42,27,14,10
31,27,15,0
41,27,15,1
40,27,15,2
39,27,15,3
38,27,15,4
37,27,15,5
36,27,15,6
35,27,15,7
33,27,15,8
34,27,15,9
32,27,15,10
27,28,0,0
28,28,0,1
26,28,0,2
24,28,0,3
23,28,0,4
22,28,0,5
20,28,0,6
21,28,0,7
25,28,0,8
19,28,0,9
29,28,0,10
18,28,1,0
28,28,1,1
27,28,1,2
26,28,1,3
25,28,1,4
24,28,1,5
23,28,1,6
21,28,1,7
22,28,1,8
20,28,1,9
19,28,1,10
30,28,2,0
29,28,2,1
28,28,2,2
27,28,2,3
26,28,2,4
25,28,2,5
23,28,2,6
24,28,2,7
22,28,2,8
21,28,2,9
20,28,2,10
31,28,3,0
29,28,3,1
30,28,3,2
28,28,3,3
27,28,3,4
26,28,3,5
25,28,3,6
24,28,3,7
23,28,3,8
22,28,3,9
21,28,3,10
32,28,4,0
30,28,4,1
29,28,4,2
31,28,4,3
28,28,4,4
27,28,4,5
26,28,4,6
25,28,4,7
24,28,4,8
23,28,4,9
22,28,4,10
33,28,5,0
32,28,5,1
31,28,5,2
30,28,5,3
29,28,5,4
28,28,5,5
27,28,5,6
26,28,5,7
25,28,5,8
24,28,5,9
23,28,5,10
34,28,6,0
33,28,6,1
32,28,6,2
31,28,6,3
30,28,6,4
28,28,6,5
29,28,6,6
27,28,6,7
26,28,6,8
25,28,6,9
24,28,6,10
35,28,7,0
34,28,7,1
33,28,7,2
32,28,7,3
31,28,7,4
30,28,7,5
28,28,7,6
29,28,7,7
27,28,7,8
26,28,7,9
25,28,7,10
36,28,8,0
35,28,8,1
34,28,8,2
33,28,8,3
32,28,8,4
31,28,8,5
30,28,8,6
29,28,8,7
28,28,8,8
27,28,8,9
26,28,8,10
37,28,9,0
36,28,9,1
35,28,9,2
34,28,9,3
33,28,9,4
32,28,9,5
31,28,9,6
30,28,9,7
29,28,9,8
28,28,9,9
38,28,9,10
27,28,10,0
36,28,10,1
37,28,10,2
35,28,10,3
34,28,10,4
33,28,10,5
32,28,10,6
31,28,10,7
30,28,10,8
29,28,10,9
28,28,10,10
39,28,11,0
38,28,11,1
37,28,11,2
36,28,11,3
35,28,11,4
33,28,11,5
34,28,11,6
32,28,11,7
31,28,11,8
30,28,11,9
29,28,11,10
39,28,12,0
40,28,12,1
38,28,12,2
37,28,12,3
36,28,12,4
35,28,12,5
34,28,12,6
33,28,12,7
32,28,12,8
31,28,12,9
30,28,12,10
41,28,13,0
40,28,13,1
39,28,13,2
38,28,13,3
37,28,13,4
36,28,13,5
35,28,13,6
34,28,13,7
33,28,13,8
32,28,13,9
31,28,13,10
41,28,14,0
42,28,14,1
39,28,14,2
40,28,14,3
38,28,14,4
36,28,14,5
37,28,14,6
35,28,14,7
34,28,14,8
33,28,14,9
32,28,14,10
43,28,15,0
42,28,15,1
41,28,15,2
40,28,15,3
39,28,15,4
38,28,15,5
37,28,15,6
36,28,15,7
35,28,15,8
34,28,15,9
33,28,15,10
29,29,0,0
27,29,0,1
28,29,0,2
25,29,0,3
26,29,0,4
24,29,0,5
22,29,0,6
23,29,0,7
21,29,0,8
20,29,0,9
19,29,0,10
30,29,1,0
28,29,1,1
29,29,1,2
26,29,1,3
27,29,1,4
25,29,1,5
24,29,1,6
23,29,1,7
22,29,1,8
21,29,1,9
31,29,1,10
20,29,2,0
30,29,2,1
28,29,2,2
29,29,2,3
27,29,2,4
26,29,2,5
25,29,2,6
24,29,2,7
23,29,2,8
22,29,2,9
21,29,2,10
32,29,3,0
31,29,3,1
30,29,3,2
29,29,3,3
28,29,3,4
27,29,3,5
26,29,3,6
24,29,3,7
23,29,3,8
22,29,3,9
33,29,3,10
32,29,4,0
31,29,4,1
30,29,4,2
25,29,4,3
29,29,4,4
27,29,4,5
28,29,4,6
25,29,4,7
26,29,4,8
24,29,4,9
23,29,4,10
34,29,5,0
33,29,5,1
32,29,5,2
30,29,5,3
31,29,5,4
29,29,5,5
28,29,5,6
27,29,5,7
26,29,5,8
24,29,5,9
25,29,5,10
35,29,6,0
34,29,6,1
32,29,6,2
33,29,6,3
31,29,6,4
30,29,6,5
29,29,6,6
28,29,6,7
27,29,6,8
26,29,6,9
25,29,6,10
36,29,7,0
35,29,7,1
34,29,7,2
33,29,7,3
31,29,7,4
32,29,7,5
30,29,7,6
29,29,7,7
28,29,7,8
27,29,7,9
26,29,7,10
36,29,8,0
37,29,8,1
35,29,8,2
34,29,8,3
33,29,8,4
32,29,8,5
31,29,8,6
30,29,8,7
29,29,8,8
28,29,8,9
27,29,8,10
37,29,9,0
38,29,9,1
36,29,9,2
35,29,9,3
33,29,9,4
34,29,9,5
32,29,9,6
31,29,9,7
30,29,9,8
29,29,9,9
39,29,9,10
28,29,10,0
38,29,10,1
37,29,10,2
36,29,10,3
35,29,10,4
34,29,10,5
33,29,10,6
32,29,10,7
31,29,10,8
30,29,10,9
40,29,10,10
39,29,11,0
29,29,11,1
38,29,11,2
37,29,11,3
36,29,11,4
35,29,11,5
34,29,11,6
33,29,11,7
32,29,11,8
31,29,11,9
30,29,11,10
41,29,12,0
40,29,12,1
38,29,12,2
39,29,12,3
37,29,12,4
36,29,12,5
34,29,12,6
35,29,12,7
33,29,12,8
32,29,12,9
31,29,12,10
42,29,13,0
41,29,13,1
40,29,13,2
39,29,13,3
37,29,13,4
38,29,13,5
36,29,13,6
35,29,13,7
33,29,13,8
34,29,13,9
32,29,13,10
43,29,14,0
42,29,14,1
41,29,14,2
40,29,14,3
39,29,14,4
38,29,14,5
37,29,14,6
36,29,14,7
35,29,14,8
34,29,14,9
33,29,14,10
44,29,15,0
43,29,15,1
42,29,15,2
41,29,15,3
40,29,15,4
39,29,15,5
38,29,15,6
36,29,15,7
37,29,15,8
34,29,15,9
35,29,15,10
28,30,0,0
30,30,0,1
29,30,0,2
26,30,0,3
27,30,0,4
25,30,0,5
24,30,0,6
23,30,0,7
22,30,0,8
21,30,0,9
20,30,0,10
31,30,1,0
30,30,1,1
29,30,1,2
28,30,1,3
27,30,1,4
25,30,1,5
26,30,1,6
24,30,1,7
22,30,1,8
23,30,1,9
21,30,1,10
31,30,2,0
32,30,2,1
30,30,2,2
29,30,2,3
28,30,2,4
27,30,2,5
26,30,2,6
25,30,2,7
24,30,2,8
23,30,2,9
22,30,2,10
33,30,3,0
32,30,3,1
31,30,3,2
30,30,3,3
29,30,3,4
28,30,3,5
27,30,3,6
26,30,3,7
25,30,3,8
24,30,3,9
23,30,3,10
34,30,4,0
32,30,4,1
33,30,4,2
31,30,4,3
30,30,4,4
28,30,4,5
27,30,4,6
29,30,4,7
26,30,4,8
25,30,4,9
24,30,4,10
35,30,5,0
34,30,5,1
33,30,5,2
32,30,5,3
31,30,5,4
29,30,5,5
30,30,5,6
28,30,5,7
27,30,5,8
26,30,5,9
25,30,5,10
36,30,6,0
35,30,6,1
34,30,6,2
33,30,6,3
32,30,6,4
31,30,6,5
30,30,6,6
29,30,6,7
28,30,6,8
27,30,6,9
26,30,6,10
37,30,7,0
36,30,7,1
35,30,7,2
34,30,7,3
33,30,7,4
32,30,7,5
31,30,7,6
30,30,7,7
29,30,7,8
28,30,7,9
27,30,7,10
38,30,8,0
37,30,8,1
36,30,8,2
35,30,8,3
34,30,8,4
32,30,8,5
33,30,8,6
31,30,8,7
30,30,8,8
29,30,8,9
39,30,8,10
38,30,9,0
37,30,9,1
36,30,9,2
28,30,9,3
34,30,9,4
35,30,9,5
33,30,9,6
32,30,9,7
31,30,9,8
30,30,9,9
29,30,9,10
39,30,10,0
40,30,10,1
38,30,10,2
37,30,10,3
35,30,10,4
36,30,10,5
33,30,10,6
34,30,10,7
31,30,10,8
32,30,10,9
30,30,10,10
41,30,11,0
40,30,11,1
39,30,11,2
38,30,11,3
37,30,11,4
36,30,11,5
35,30,11,6
34,30,11,7
33,30,11,8
32,30,11,9
31,30,11,10
41,30,12,0
42,30,12,1
40,30,12,2
39,30,12,3
37,30,12,4
38,30,12,5
35,30,12,6
36,30,12,7
34,30,12,8
33,30,12,9
32,30,12,10
43,30,13,0
42,30,13,1
41,30,13,2
40,30,13,3
39,30,13,4
38,30,13,5
37,30,13,6
36,30,13,7
35,30,13,8
34,30,13,9
44,30,13,10
43,30,14,0
33,30,14,1
42,30,14,2
41,30,14,3
40,30,14,4
39,30,14,5
38,30,14,6
37,30,14,7
36,30,14,8
35,30,14,9
34,30,14,10
45,30,15,0
44,30,15,1
43,30,15,2
41,30,15,3
42,30,15,4
40,30,15,5
39,30,15,6
38,30,15,7
37,30,15,8
36,30,15,9
35,30,15,10
31,31,0,0
30,31,0,1
29,31,0,2
28,31,0,3
27,31,0,4
26,31,0,5
25,31,0,6
24,31,0,7
23,31,0,8
22,31,0,9
21,31,0,10
32,31,1,0
31,31,1,1
29,31,1,2
30,31,1,3
28,31,1,4
27,31,1,5
26,31,1,6
25,31,1,7
24,31,1,8
23,31,1,9
22,31,1,10
33,31,2,0
32,31,2,1
30,31,2,2
31,31,2,3
29,31,2,4
28,31,2,5
27,31,2,6
26,31,2,7
25,31,2,8
24,31,2,9
23,31,2,10
34,31,3,0
33,31,3,1
32,31,3,2
30,31,3,3
31,31,3,4
29,31,3,5
28,31,3,6
27,31,3,7
25,31,3,8
26,31,3,9
24,31,3,10
35,31,4,0
34,31,4,1
33,31,4,2
32,31,4,3
31,31,4,4
30,31,4,5
29,31,4,6
28,31,4,7
27,31,4,8
25,31,4,9
26,31,4,10
35,31,5,0
36,31,5,1
34,31,5,2
33,31,5,3
32,31,5,4
31,31,5,5
30,31,5,6
29,31,5,7
28,31,5,8
27,31,5,9
26,31,5,10
37,31,6,0
36,31,6,1
35,31,6,2
34,31,6,3
32,31,6,4
33,31,6,5
31,31,6,6
30,31,6,7
29,31,6,8
28,31,6,9
38,31,6,10
27,31,7,0
37,31,7,1
36,31,7,2
35,31,7,3
34,31,7,4
33,31,7,5
32,31,7,6
31,31,7,7
30,31,7,8
29,31,7,9
28,31,7,10
39,31,8,0
38,31,8,1
37,31,8,2
35,31,8,3
36,31,8,4
34,31,8,5
33,31,8,6
32,31,8,7
31,31,8,8
30,31,8,9
29,31,8,10
40,31,9,0
38,31,9,1
39,31,9,2
37,31,9,3
36,31,9,4
35,31,9,5
34,31,9,6
33,31,9,7
32,31,9,8
31,31,9,9
30,31,9,10
41,31,10,0
40,31,10,1
39,31,10,2
38,31,10,3
37,31,10,4
36,31,10,5
35,31,10,6
34,31,10,7
33,31,10,8
32,31,10,9
31,31,10,10
41,31,11,0
42,31,11,1
40,31,11,2
38,31,11,3
39,31,11,4
37,31,11,5
36,31,11,6
35,31,11,7
34,31,11,8
33,31,11,9
32,31,11,10
43,31,12,0
42,31,12,1
41,31,12,2
40,31,12,3
39,31,12,4
38,31,12,5
37,31,12,6
36,31,12,7
35,31,12,8
34,31,12,9
33,31,12,10
44,31,13,0
43,31,13,1
42,31,13,2
41,31,13,3
40,31,13,4
38,31,13,5
37,31,13,6
39,31,13,7
36,31,13,8
35,31,13,9
34,31,13,10
45,31,14,0
44,31,14,1
43,31,14,2
41,31,14,3
42,31,14,4
40,31,14,5
39,31,14,6
38,31,14,7
37,31,14,8
36,31,14,9
46,31,14,10
45,31,15,0
35,31,15,1
44,31,15,2
43,31,15,3
41,31,15,4
42,31,15,5
40,31,15,6
39,31,15,7
37,31,15,8
38,31,15,9
36,31,15,10
31,32,0,0
32,32,0,1
29,32,0,2
30,32,0,3
28,32,0,4
27,32,0,5
26,32,0,6
25,32,0,7
24,32,0,8
23,32,0,9
22,32,0,10
33,32,1,0
32,32,1,1
31,32,1,2
30,32,1,3
29,32,1,4
27,32,1,5
28,32,1,6
26,32,1,7
25,32,1,8
24,32,1,9
23,32,1,10
34,32,2,0
33,32,2,1
32,32,2,2
31,32,2,3
30,32,2,4
29,32,2,5
28,32,2,6
27,32,2,7
26,32,2,8
24,32,2,9
25,32,2,10
34,32,3,0
35,32,3,1
33,32,3,2
32,32,3,3
31,32,3,4
30,32,3,5
29,32,3,6
28,32,3,7
27,32,3,8
26,32,3,9
25,32,3,10
36,32,4,0
35,32,4,1
33,32,4,2
34,32,4,3
32,32,4,4
31,32,4,5
30,32,4,6
29,32,4,7
28,32,4,8
26,32,4,9
27,32,4,10
37,32,5,0
36,32,5,1
35,32,5,2
34,32,5,3
33,32,5,4
32,32,5,5
31,32,5,6
30,32,5,7
29,32,5,8
28,32,5,9
27,32,5,10
38,32,6,0
37,32,6,1
36,32,6,2
35,32,6,3
34,32,6,4
33,32,6,5
32,32,6,6
31,32,6,7
30,32,6,8
29,32,6,9
28,32,6,10
39,32,7,0
38,32,7,1
37,32,7,2
36,32,7,3
35,32,7,4
34,32,7,5
33,32,7,6
32,32,7,7
31,32,7,8
30,32,7,9
29,32,7,10
40,32,8,0
39,32,8,1
38,32,8,2
37,32,8,3
36,32,8,4
35,32,8,5
34,32,8,6
33,32,8,7
32,32,8,8
31,32,8,9
30,32,8,10
41,32,9,0
40,32,9,1
38,32,9,2
39,32,9,3
37,32,9,4
36,32,9,5
35,32,9,6
34,32,9,7
33,32,9,8
32,32,9,9
31,32,9,10
42,32,10,0
41,32,10,1
40,32,10,2
39,32,10,3
38,32,10,4
37,32,10,5
36,32,10,6
35,32,10,7
34,32,10,8
33,32,10,9
43,32,10,10
42,32,11,0
32,32,11,1
41,32,11,2
40,32,11,3
39,32,11,4
38,32,11,5
37,32,11,6
36,32,11,7
35,32,11,8
33,32,11,9
44,32,11,10
34,32,12,0
43,32,12,1
42,32,12,2
41,32,12,3
40,32,12,4
39,32,12,5
38,32,12,6
37,32,12,7
36,32,12,8
35,32,12,9
34,32,12,10
45,32,13,0
44,32,13,1
43,32,13,2
42,32,13,3
41,32,13,4
40,32,13,5
39,32,13,6
38,32,13,7
37,32,13,8
36,32,13,9
35,32,13,10
46,32,14,0
45,32,14,1
44,32,14,2
43,32,14,3
42,32,14,4
41,32,14,5
40,32,14,6
39,32,14,7
38,32,14,8
37,32,14,9
36,32,14,10
47,32,15,0
46,32,15,1
45,32,15,2
44,32,15,3
43,32,15,4
42,32,15,5
41,32,15,6
40,32,15,7
39,32,15,8
38,32,15,9
37,32,15,10
33,33,0,0
32,33,0,1
31,33,0,2
30,33,0,3
29,33,0,4
27,33,0,5
28,33,0,6
25,33,0,7
24,33,0,8
26,33,0,9
23,33,0,10
34,33,1,0
33,33,1,1
32,33,1,2
31,33,1,3
30,33,1,4
29,33,1,5
27,33,1,6
28,33,1,7
26,33,1,8
25,33,1,9
24,33,1,10
35,33,2,0
34,33,2,1
33,33,2,2
32,33,2,3
31,33,2,4
30,33,2,5
29,33,2,6
28,33,2,7
26,33,2,8
27,33,2,9
25,33,2,10
36,33,3,0
35,33,3,1
34,33,3,2
33,33,3,3
32,33,3,4
31,33,3,5
30,33,3,6
29,33,3,7
28,33,3,8
27,33,3,9
26,33,3,10
37,33,4,0
35,33,4,1
36,33,4,2
34,33,4,3
33,33,4,4
32,33,4,5
31,33,4,6
30,33,4,7
29,33,4,8
28,33,4,9
27,33,4,10
38,33,5,0
37,33,5,1
36,33,5,2
35,33,5,3
34,33,5,4
33,33,5,5
32,33,5,6
31,33,5,7
30,33,5,8
29,33,5,9
39,33,5,10
28,33,6,0
38,33,6,1
37,33,6,2
36,33,6,3
35,33,6,4
33,33,6,5
34,33,6,6
31,33,6,7
30,33,6,8
29,33,6,9
32,33,6,10
40,33,7,0
39,33,7,1
38,33,7,2
37,33,7,3
36,33,7,4
34,33,7,5
35,33,7,6
33,33,7,7
32,33,7,8
31,33,7,9
30,33,7,10
41,33,8,0
40,33,8,1
39,33,8,2
38,33,8,3
37,33,8,4
36,33,8,5
35,33,8,6
34,33,8,7
33,33,8,8
32,33,8,9
31,33,8,10
42,33,9,0
41,33,9,1
40,33,9,2
39,33,9,3
37,33,9,4
38,33,9,5
36,33,9,6
35,33,9,7
34,33,9,8
33,33,9,9
32,33,9,10
43,33,10,0
42,33,10,1
41,33,10,2
40,33,10,3
39,33,10,4
38,33,10,5
36,33,10,6
37,33,10,7
34,33,10,8
33,33,10,9
35,33,10,10
44,33,11,0
42,33,11,1
43,33,11,2
40,33,11,3
41,33,11,4
38,33,11,5
39,33,11,6
36,33,11,7
37,33,11,8
35,33,11,9
34,33,11,10
45,33,12,0
44,33,12,1
43,33,12,2
42,33,12,3
41,33,12,4
40,33,12,5
39,33,12,6
38,33,12,7
37,33,12,8
36,33,12,9
35,33,12,10
46,33,13,0
45,33,13,1
44,33,13,2
43,33,13,3
41,33,13,4
42,33,13,5
40,33,13,6
39,33,13,7
38,33,13,8
37,33,13,9
36,33,13,10
46,33,14,0
47,33,14,1
44,33,14,2
45,33,14,3
43,33,14,4
42,33,14,5
40,33,14,6
41,33,14,7
39,33,14,8
38,33,14,9
48,33,14,10
37,33,15,0
46,33,15,1
45,33,15,2
47,33,15,3
44,33,15,4
43,33,15,5
42,33,15,6
41,33,15,7
40,33,15,8
39,33,15,9
38,33,15,10
34,34,0,0
33,34,0,1
32,34,0,2
31,34,0,3
30,34,0,4
29,34,0,5
28,34,0,6
27,34,0,7
26,34,0,8
25,34,0,9
24,34,0,10
35,34,1,0
33,34,1,1
32,34,1,2
34,34,1,3
31,34,1,4
30,34,1,5
29,34,1,6
28,34,1,7
27,34,1,8
26,34,1,9
25,34,1,10
36,34,2,0
35,34,2,1
34,34,2,2
33,34,2,3
32,34,2,4
31,34,2,5
30,34,2,6
29,34,2,7
28,34,2,8
27,34,2,9
26,34,2,10
37,34,3,0
36,34,3,1
35,34,3,2
34,34,3,3
33,34,3,4
32,34,3,5
31,34,3,6
30,34,3,7
29,34,3,8
28,34,3,9
27,34,3,10
38,34,4,0
37,34,4,1
36,34,4,2
35,34,4,3
34,34,4,4
33,34,4,5
32,34,4,6
31,34,4,7
30,34,4,8
29,34,4,9
28,34,4,10
39,34,5,0
38,34,5,1
37,34,5,2
36,34,5,3
35,34,5,4
34,34,5,5
33,34,5,6
32,34,5,7
31,34,5,8
30,34,5,9
29,34,5,10
40,34,6,0
39,34,6,1
38,34,6,2
37,34,6,3
36,34,6,4
35,34,6,5
34,34,6,6
32,34,6,7
33,34,6,8
31,34,6,9
30,34,6,10
41,34,7,0
40,34,7,1
39,34,7,2
38,34,7,3
37,34,7,4
36,34,7,5
35,34,7,6
34,34,7,7
33,34,7,8
32,34,7,9
31,34,7,10
42,34,8,0
41,34,8,1
39,34,8,2
40,34,8,3
38,34,8,4
37,34,8,5
35,34,8,6
36,34,8,7
33,34,8,8
34,34,8,9
32,34,8,10
43,34,9,0
42,34,9,1
41,34,9,2
40,34,9,3
39,34,9,4
38,34,9,5
37,34,9,6
36,34,9,7
35,34,9,8
34,34,9,9
33,34,9,10
44,34,10,0
43,34,10,1
42,34,10,2
41,34,10,3
40,34,10,4
39,34,10,5
38,34,10,6
36,34,10,7
37,34,10,8
35,34,10,9
34,34,10,10
45,34,11,0
44,34,11,1
43,34,11,2
42,34,11,3
41,34,11,4
40,34,11,5
38,34,11,6
39,34,11,7
37,34,11,8
36,34,11,9
35,34,11,10
46,34,12,0
45,34,12,1
44,34,12,2
43,34,12,3
42,34,12,4
41,34,12,5
40,34,12,6
39,34,12,7
38,34,12,8
37,34,12,9
36,34,12,10
47,34,13,0
46,34,13,1
45,34,13,2
44,34,13,3
43,34,13,4
42,34,13,5
40,34,13,6
41,34,13,7
39,34,13,8
38,34,13,9
37,34,13,10
47,34,14,0
48,34,14,1
46,34,14,2
45,34,14,3
44,34,14,4
43,34,14,5
42,34,14,6
41,34,14,7
40,34,14,8
39,34,14,9
38,34,14,10
49,34,15,0
48,34,15,1
47,34,15,2
46,34,15,3
45,34,15,4
43,34,15,5
44,34,15,6
42,34,15,7
41,34,15,8
40,34,15,9
34,34,15,10
39,35,0,0
35,35,0,1
34,35,0,2
31,35,0,3
31,35,0,4
29,35,0,5
30,35,0,6
26,35,0,7
28,35,0,8
27,35,0,9
37,35,0,10
25,35,1,0
36,35,1,1
36,35,1,2
35,35,1,3
32,35,1,4
32,35,1,5
31,35,1,6
32,35,1,7
27,35,1,8
29,35,1,9
28,35,1,10
26,35,2,0
37,35,2,1
36,35,2,2
35,35,2,3
34,35,2,4
30,35,2,5
30,35,2,6
29,35,2,7
28,35,2,8
27,35,2,9
38,35,2,10
35,35,3,0
30,35,3,1
33,35,3,2
33,35,3,3
33,35,3,4
34,35,3,5
39,35,3,6
31,35,3,7
37,35,3,8
29,35,3,9
28,35,3,10
33,35,4,0
32,35,4,1
35,35,4,2
36,35,4,3
38,35,4,4
34,35,4,5
33,35,4,6
32,35,4,7
30,35,4,8
29,35,4,9
40,35,4,10
31,35,5,0
39,35,5,1
38,35,5,2
37,35,5,3
36,35,5,4
34,35,5,5
35,35,5,6
32,35,5,7
33,35,5,8
31,35,5,9
30,35,5,10
41,35,6,0
40,35,6,1
39,35,6,2
38,35,6,3
37,35,6,4
36,35,6,5
35,35,6,6
34,35,6,7
33,35,6,8
32,35,6,9
31,35,6,10
42,35,7,0
41,35,7,1
40,35,7,2
39,35,7,3
38,35,7,4
37,35,7,5
36,35,7,6
35,35,7,7
34,35,7,8
33,35,7,9
32,35,7,10
43,35,8,0
42,35,8,1
40,35,8,2
39,35,8,3
41,35,8,4
38,35,8,5
37,35,8,6
36,35,8,7
35,35,8,8
34,35,8,9
33,35,8,10
44,35,9,0
43,35,9,1
42,35,9,2
41,35,9,3
39,35,9,4
40,35,9,5
38,35,9,6
37,35,9,7
36,35,9,8
35,35,9,9
34,35,9,10
45,35,10,0
44,35,10,1
43,35,10,2
42,35,10,3
41,35,10,4
40,35,10,5
38,35,10,6
39,35,10,7
37,35,10,8
36,35,10,9
35,35,10,10
46,35,11,0
45,35,11,1
44,35,11,2
43,35,11,3
42,35,11,4
41,35,11,5
40,35,11,6
39,35,11,7
38,35,11,8
37,35,11,9
36,35,11,10
47,35,12,0
46,35,12,1
45,35,12,2
44,35,12,3
43,35,12,4
42,35,12,5
41,35,12,6
40,35,12,7
39,35,12,8
38,35,12,9
37,35,12,10
48,35,13,0
47,35,13,1
44,35,13,2
46,35,13,3
43,35,13,4
42,35,13,5
44,35,13,6
43,35,13,7
41,35,13,8
39,35,13,9
50,35,13,10
38,35,14,0
49,35,14,1
48,35,14,2
48,35,14,3
47,35,14,4
47,35,14,5
45,35,14,6
41,35,14,7
42,35,14,8
43,35,14,9
42,35,14,10
40,35,15,0
49,35,15,1
41,35,15,2
46,35,15,3
36,35,15,4
45,35,15,5
34,35,15,6
39,35,15,7
32,35,15,8
31,35,15,9
40,35,15,10
45,36,0,0
30,36,0,1
44,36,0,2
28,36,0,3
27,36,0,4
26,36,0,5
37,36,0,6
29,36,0,7
40,36,0,8
35,36,0,9
34,36,0,10
33,36,1,0
32,36,1,1
31,36,1,2
46,36,1,3
30,36,1,4
36,36,1,5
35,36,1,6
29,36,1,7
33,36,1,8
27,36,1,9
38,36,1,10
28,36,2,0
37,36,2,1
36,36,2,2
35,36,2,3
34,36,2,4
33,36,2,5
32,36,2,6
30,36,2,7
31,36,2,8
29,36,2,9
28,36,2,10
39,36,3,0
37,36,3,1
38,36,3,2
35,36,3,3
34,36,3,4
36,36,3,5
32,36,3,6
33,36,3,7
31,36,3,8
30,36,3,9
40,36,3,10
29,36,4,0
39,36,4,1
38,36,4,2
37,36,4,3
36,36,4,4
34,36,4,5
33,36,4,6
32,36,4,7
35,36,4,8
30,36,4,9
31,36,4,10
41,36,5,0
39,36,5,1
38,36,5,2
40,36,5,3
37,36,5,4
35,36,5,5
34,36,5,6
33,36,5,7
36,36,5,8
42,36,5,9
32,36,5,10
39,36,6,0
40,36,6,1
41,36,6,2
38,36,6,3
31,36,6,4
37,36,6,5
35,36,6,6
36,36,6,7
34,36,6,8
32,36,6,9
43,36,6,10
42,36,7,0
41,36,7,1
33,36,7,2
40,36,7,3
38,36,7,4
39,36,7,5
36,36,7,6
35,36,7,7
37,36,7,8
34,36,7,9
33,36,7,10
44,36,8,0
42,36,8,1
43,36,8,2
41,36,8,3
40,36,8,4
39,36,8,5
38,36,8,6
37,36,8,7
36,36,8,8
35,36,8,9
34,36,8,10
45,36,9,0
43,36,9,1
44,36,9,2
42,36,9,3
41,36,9,4
40,36,9,5
38,36,9,6
39,36,9,7
37,36,9,8
36,36,9,9
46,36,9,10
35,36,10,0
45,36,10,1
43,36,10,2
44,36,10,3
42,36,10,4
39,36,10,5
40,36,10,6
38,36,10,7
39,36,10,8
48,36,10,9
47,36,10,10
37,36,11,0
36,36,11,1
46,36,11,2
46,36,11,3
43,36,11,4
43,36,11,5
42,36,11,6
42,36,11,7
40,36,11,8
39,36,11,9
37,36,11,10
38,36,12,0
47,36,12,1
47,36,12,2
45,36,12,3
44,36,12,4
45,36,12,5
45,36,12,6
44,36,12,7
41,36,12,8
40,36,12,9
38,36,12,10
48,36,13,0
49,36,13,1
46,36,13,2
50,36,13,3
41,36,13,4
43,36,13,5
48,36,13,6
47,36,13,7
46,36,13,8
45,36,13,9
39,36,13,10
49,36,14,0
44,36,14,1
41,36,14,2
41,36,14,3
42,36,14,4
50,36,14,5
49,36,14,6
48,36,14,7
43,36,14,8
42,36,14,9
47,36,14,10
51,36,15,0
45,36,15,1
44,36,15,2
41,36,15,3
43,36,15,4
40,36,15,5
42,36,15,6
41,36,15,7
37,36,15,8
36,36,15,9
35,36,15,10
44,37,0,0
46,37,0,1
40,37,0,2
34,37,0,3
33,37,0,4
32,37,0,5
30,37,0,6
29,37,0,7
28,37,0,8
31,37,0,9
27,37,0,10
38,37,1,0
36,37,1,1
37,37,1,2
35,37,1,3
34,37,1,4
33,37,1,5
32,37,1,6
31,37,1,7
30,37,1,8
28,37,1,9
39,37,1,10
29,37,2,0
38,37,2,1
37,37,2,2
36,37,2,3
35,37,2,4
34,37,2,5
33,37,2,6
32,37,2,7
31,37,2,8
30,37,2,9
29,37,2,10
40,37,3,0
39,37,3,1
38,37,3,2
37,37,3,3
35,37,3,4
34,37,3,5
33,37,3,6
32,37,3,7
31,37,3,8
36,37,3,9
30,37,3,10
40,37,4,0
39,37,4,1
41,37,4,2
37,37,4,3
38,37,4,4
36,37,4,5
35,37,4,6
34,37,4,7
33,37,4,8
32,37,4,9
31,37,4,10
42,37,5,0
41,37,5,1
40,37,5,2
39,37,5,3
38,37,5,4
36,37,5,5
37,37,5,6
35,37,5,7
34,37,5,8
33,37,5,9
43,37,5,10
42,37,6,0
41,37,6,1
32,37,6,2
39,37,6,3
40,37,6,4
38,37,6,5
37,37,6,6
36,37,6,7
35,37,6,8
34,37,6,9
33,37,6,10
44,37,7,0
43,37,7,1
42,37,7,2
40,37,7,3
41,37,7,4
38,37,7,5
39,37,7,6
36,37,7,7
46,37,7,8
37,37,7,9
45,37,7,10
44,37,8,0
34,37,8,1
44,37,8,2
43,37,8,3
42,37,8,4
41,37,8,5
40,37,8,6
38,37,8,7
39,37,8,8
37,37,8,9
37,37,8,10
36,37,9,0
35,37,9,1
45,37,9,2
46,37,9,3
45,37,9,4
40,37,9,5
43,37,9,6
39,37,9,7
41,37,9,8
40,37,9,9
35,37,9,10
38,37,10,0
42,37,10,1
37,37,10,2
48,37,10,3
41,37,10,4
42,37,10,5
38,37,10,6
36,37,10,7
39,37,10,8
47,37,10,9
42,37,10,10
43,37,11,0
41,37,11,1
46,37,11,2
45,37,11,3
39,37,11,4
49,37,11,5
47,37,11,6
44,37,11,7
46,37,11,8
38,37,11,9
44,37,11,10
44,37,12,0
48,37,12,1
42,37,12,2
41,37,12,3
43,37,12,4
39,37,12,5
43,37,12,6
50,37,12,7
40,37,12,8
45,37,12,9
40,37,12,10
49,37,13,0
44,37,13,1
48,37,13,2
42,37,13,3
46,37,13,4
47,37,13,5
45,37,13,6
43,37,13,7
47,37,13,8
41,37,13,9
40,37,13,10
51,37,14,0
50,37,14,1
46,37,14,2
45,37,14,3
49,37,14,4
43,37,14,5
42,37,14,6
47,37,14,7
41,37,14,8
48,37,14,9
44,37,14,10
52,37,15,0
51,37,15,1
49,37,15,2
50,37,15,3
48,37,15,4
47,37,15,5
46,37,15,6
45,37,15,7
44,37,15,8
43,37,15,9
38,37,15,10
42,38,0,0
37,38,0,1
36,38,0,2
35,38,0,3
34,38,0,4
33,38,0,5
32,38,0,6
30,38,0,7
29,38,0,8
28,38,0,9
31,38,0,10
39,38,1,0
38,38,1,1
37,38,1,2
35,38,1,3
36,38,1,4
33,38,1,5
34,38,1,6
31,38,1,7
32,38,1,8
30,38,1,9
29,38,1,10
40,38,2,0
38,38,2,1
37,38,2,2
39,38,2,3
36,38,2,4
34,38,2,5
33,38,2,6
32,38,2,7
35,38,2,8
41,38,2,9
40,38,2,10
39,38,3,0
30,38,3,1
36,38,3,2
35,38,3,3
37,38,3,4
38,38,3,5
31,38,3,6
34,38,3,7
41,38,3,8
33,38,3,9
32,38,3,10
39,38,4,0
42,38,4,1
31,38,4,2
36,38,4,3
38,38,4,4
34,38,4,5
32,38,4,6
35,38,4,7
42,38,4,8
40,38,4,9
43,38,4,10
41,38,5,0
37,38,5,1
40,38,5,2
39,38,5,3
33,38,5,4
39,38,5,5
38,38,5,6
37,38,5,7
36,38,5,8
35,38,5,9
35,38,5,10
34,38,6,0
33,38,6,1
43,38,6,2
44,38,6,3
41,38,6,4
42,38,6,5
41,38,6,6
40,38,6,7
36,38,6,8
34,38,6,9
44,38,6,10
45,38,7,0
36,38,7,1
42,38,7,2
43,38,7,3
38,38,7,4
37,38,7,5
39,38,7,6
45,38,7,7
43,38,7,8
37,38,7,9
35,38,7,10
41,38,8,0
38,38,8,1
44,38,8,2
39,38,8,3
40,38,8,4
42,38,8,5
37,38,8,6
46,38,8,7
36,38,8,8
40,38,8,9
46,38,8,10
38,38,9,0
47,38,9,1
44,38,9,2
43,38,9,3
42,38,9,4
41,38,9,5
45,38,9,6
39,38,9,7
40,38,9,8
38,38,9,9
37,38,9,10
48,38,10,0
47,38,10,1
46,38,10,2
45,38,10,3
44,38,10,4
43,38,10,5
42,38,10,6
41,38,10,7
40,38,10,8
39,38,10,9
38,38,10,10
49,38,11,0
48,38,11,1
47,38,11,2
46,38,11,3
45,38,11,4
44,38,11,5
42,38,11,6
43,38,11,7
41,38,11,8
40,38,11,9
39,38,11,10
50,38,12,0
48,38,12,1
47,38,12,2
49,38,12,3
45,38,12,4
46,38,12,5
42,38,12,6
41,38,12,7
43,38,12,8
51,38,12,9
50,38,12,10
44,38,13,0
49,38,13,1
48,38,13,2
47,38,13,3
40,38,13,4
46,38,13,5
44,38,13,6
45,38,13,7
41,38,13,8
42,38,13,9
43,38,13,10
51,38,14,0
52,38,14,1
49,38,14,2
50,38,14,3
48,38,14,4
47,38,14,5
46,38,14,6
45,38,14,7
44,38,14,8
43,38,14,9
42,38,14,10
53,38,15,0
52,38,15,1
51,38,15,2
50,38,15,3
49,38,15,4
48,38,15,5
46,38,15,6
47,38,15,7
45,38,15,8
44,38,15,9
43,38,15,10
38,39,0,0
39,39,0,1
37,39,0,2
35,39,0,3
36,39,0,4
34,39,0,5
33,39,0,6
32,39,0,7
31,39,0,8
30,39,0,9
29,39,0,10
40,39,1,0
38,39,1,1
39,39,1,2
36,39,1,3
34,39,1,4
37,39,1,5
33,39,1,6
35,39,1,7
31,39,1,8
30,39,1,9
41,39,1,10
32,39,2,0
39,39,2,1
36,39,2,2
35,39,2,3
34,39,2,4
37,39,2,5
33,39,2,6
36,39,2,7
35,39,2,8
32,39,2,9
32,39,2,10
42,39,3,0
41,39,3,1
40,39,3,2
40,39,3,3
39,39,3,4
37,39,3,5
35,39,3,6
40,39,3,7
38,39,3,8
33,39,3,9
33,39,3,10
44,39,4,0
31,39,4,1
42,39,4,2
42,39,4,3
41,39,4,4
38,39,4,5
38,39,4,6
36,39,4,7
36,39,4,8
34,39,4,9
44,39,4,10
43,39,5,0
43,39,5,1
41,39,5,2
39,39,5,3
40,39,5,4
38,39,5,5
38,39,5,6
36,39,5,7
37,39,5,8
45,39,5,9
34,39,5,10
34,39,6,0
45,39,6,1
43,39,6,2
43,39,6,3
40,39,6,4
39,39,6,5
40,39,6,6
38,39,6,7
37,39,6,8
37,39,6,9
35,39,6,10
46,39,7,0
45,39,7,1
44,39,7,2
42,39,7,3
42,39,7,4
41,39,7,5
41,39,7,6
39,39,7,7
39,39,7,8
38,39,7,9
36,39,7,10
47,39,8,0
48,39,8,1
35,39,8,2
45,39,8,3
43,39,8,4
44,39,8,5
42,39,8,6
40,39,8,7
37,39,8,8
39,39,8,9
46,39,8,10
47,39,9,0
49,39,9,1
48,39,9,2
44,39,9,3
42,39,9,4
46,39,9,5
45,39,9,6
41,39,9,7
44,39,9,8
37,39,9,9
39,39,9,10
46,39,10,0
40,39,10,1
47,39,10,2
43,39,10,3
41,39,10,4
40,39,10,5
43,39,10,6
46,39,10,7
41,39,10,8
39,39,10,9
44,39,10,10
50,39,11,0
41,39,11,1
48,39,11,2
51,39,11,3
50,39,11,4
45,39,11,5
48,39,11,6
43,39,11,7
46,39,11,8
42,39,11,9
42,39,11,10
40,39,12,0
42,39,12,1
41,39,12,2
38,39,12,3
52,39,12,4
49,39,12,5
45,39,12,6
49,39,12,7
48,39,12,8
47,39,12,9
45,39,12,10
51,39,13,0
43,39,13,1
50,39,13,2
44,39,13,3
43,39,13,4
52,39,13,5
51,39,13,6
47,39,13,7
44,39,13,8
47,39,13,9
47,39,13,10
53,39,14,0
50,39,14,1
46,39,14,2
44,39,14,3
49,39,14,4
42,39,14,5
54,39,14,6
46,39,14,7
45,39,14,8
52,39,14,9
43,39,14,10
50,39,15,0
53,39,15,1
49,39,15,2
48,39,15,3
48,39,15,4
51,39,15,5
49,39,15,6
30,39,15,7
47,39,15,8
46,39,15,9
40,39,15,10
45,40,0,0
39,40,0,1
38,40,0,2
37,40,0,3
39,40,0,4
35,40,0,5
36,40,0,6
34,40,0,7
33,40,0,8
32,40,0,9
31,40,0,10
42,40,1,0
41,40,1,1
40,40,1,2
38,40,1,3
37,40,1,4
36,40,1,5
35,40,1,6
34,40,1,7
34,40,1,8
31,40,1,9
32,40,1,10
42,40,2,0
41,40,2,1
40,40,2,2
39,40,2,3
38,40,2,4
37,40,2,5
38,40,2,6
36,40,2,7
36,40,2,8
34,40,2,9
33,40,2,10
43,40,3,0
44,40,3,1
41,40,3,2
39,40,3,3
42,40,3,4
37,40,3,5
35,40,3,6
35,40,3,7
37,40,3,8
32,40,3,9
35,40,3,10
33,40,4,0
34,40,4,1
45,40,4,2
41,40,4,3
43,40,4,4
42,40,4,5
41,40,4,6
33,40,4,7
40,40,4,8
39,40,4,9
43,40,4,10
37,40,5,0
36,40,5,1
40,40,5,2
35,40,5,3
46,40,5,4
36,40,5,5
44,40,5,6
43,40,5,7
41,40,5,8
40,40,5,9
44,40,5,10
38,40,6,0
45,40,6,1
44,40,6,2
37,40,6,3
42,40,6,4
40,40,6,5
46,40,6,6
39,40,6,7
44,40,6,8
38,40,6,9
43,40,6,10
47,40,7,0
41,40,7,1
40,40,7,2
45,40,7,3
39,40,7,4
42,40,7,5
39,40,7,6
36,40,7,7
46,40,7,8
38,40,7,9
44,40,7,10
43,40,8,0
47,40,8,1
37,40,8,2
39,40,8,3
45,40,8,4
38,40,8,5
38,40,8,6
42,40,8,7
47,40,8,8
40,40,8,9
48,40,8,10
48,40,9,0
41,40,9,1
46,40,9,2
40,40,9,3
50,40,9,4
43,40,9,5
49,40,9,6
48,40,9,7
42,40,9,8
47,40,9,9
39,40,9,10
46,40,10,0
44,40,10,1
49,40,10,2
42,40,10,3
45,40,10,4
44,40,10,5
51,40,10,6
43,40,10,7
50,40,10,8
45,40,10,9
41,40,10,10
40,40,11,0
41,40,11,1
49,40,11,2
44,40,11,3
47,40,11,4
46,40,11,5
43,40,11,6
42,40,11,7
41,40,11,8
52,40,11,9
45,40,11,10
51,40,12,0
48,40,12,1
49,40,12,2
50,40,12,3
48,40,12,4
47,40,12,5
46,40,12,6
44,40,12,7
43,40,12,8
53,40,12,9
45,40,12,10
42,40,13,0
53,40,13,1
52,40,13,2
48,40,13,3
50,40,13,4
49,40,13,5
46,40,13,6
47,40,13,7
46,40,13,8
55,40,13,9
44,40,13,10
43,40,14,0
52,40,14,1
54,40,14,2
50,40,14,3
51,40,14,4
49,40,14,5
48,40,14,6
48,40,14,7
47,40,14,8
46,40,14,9
47,40,14,10
44,40,15,0
54,40,15,1
53,40,15,2
40,40,15,3
39,40,15,4
38,40,15,5
50,40,15,6
49,40,15,7
45,40,15,8
45,40,15,9
45,40,15,10
41,41,0,0
52,41,0,1
31,41,0,2
41,41,0,3
36,41,0,4
39,41,0,5
35,41,0,6
34,41,0,7
33,41,0,8
32,41,0,9
51,41,0,10
33,41,1,0
42,41,1,1
40,41,1,2
51,41,1,3
40,41,1,4
39,41,1,5
36,41,1,6
38,41,1,7
37,41,1,8
36,41,1,9
37,41,1,10
33,41,2,0
44,41,2,1
42,41,2,2
43,41,2,3
42,41,2,4
35,41,2,5
34,41,2,6
39,41,2,7
32,41,2,8
43,41,2,9
35,41,2,10
34,41,3,0
38,41,3,1
45,41,3,2
44,41,3,3
35,41,3,4
40,41,3,5
42,41,3,6
40,41,3,7
34,41,3,8
36,41,3,9
37,41,3,10
36,41,4,0
37,41,4,1
43,41,4,2
38,41,4,3
41,41,4,4
43,41,4,5
42,41,4,6
41,41,4,7
41,41,4,8
40,41,4,9
39,41,4,10
46,41,5,0
37,41,5,1
37,41,5,2
47,41,5,3
46,41,5,4
38,41,5,5
35,41,5,6
44,41,5,7
38,41,5,8
42,41,5,9
45,41,5,10
39,41,6,0
45,41,6,1
37,41,6,2
44,41,6,3
43,41,6,4
46,41,6,5
36,41,6,6
45,41,6,7
40,41,6,8
38,41,6,9
42,41,6,10
41,41,7,0
48,41,7,1
47,41,7,2
41,41,7,3
44,41,7,4
39,41,7,5
43,41,7,6
41,41,7,7
40,41,7,8
38,41,7,9
49,41,7,10
42,41,8,0
41,41,8,1
46,41,8,2
39,41,8,3
45,41,8,4
39,41,8,5
48,41,8,6
43,41,8,7
48,41,8,8
47,41,8,9
49,41,8,10
45,41,9,0
44,41,9,1
50,41,9,2
42,41,9,3
46,41,9,4
40,41,9,5
44,41,9,6
49,41,9,7
47,41,9,8
48,41,9,9
41,41,9,10
50,41,10,0
48,41,10,1
43,41,10,2
47,41,10,3
47,41,10,4
45,41,10,5
51,41,10,6
45,41,10,7
44,41,10,8
43,41,10,9
42,41,10,10
52,41,11,0
50,41,11,1
49,41,11,2
50,41,11,3
49,41,11,4
47,41,11,5
46,41,11,6
46,41,11,7
45,41,11,8
44,41,11,9
43,41,11,10
52,41,12,0
43,41,12,1
53,41,12,2
51,41,12,3
52,41,12,4
53,41,12,5
51,41,12,6
50,41,12,7
42,41,12,8
48,41,12,9
47,41,12,10
46,41,13,0
51,41,13,1
44,41,13,2
40,41,13,3
54,41,13,4
49,41,13,5
54,41,13,6
50,41,13,7
41,41,13,8
48,41,13,9
55,41,13,10
45,41,14,0
56,41,14,1
46,41,14,2
44,41,14,3
52,41,14,4
51,41,14,5
49,41,14,6
48,41,14,7
49,41,14,8
47,41,14,9
46,41,14,10
42,41,15,0
55,41,15,1
54,41,15,2
40,41,15,3
38,41,15,4
37,41,15,5
45,41,15,6
50,41,15,7
48,41,15,8
47,41,15,9
32,41,15,10
53,42,0,0
42,42,0,1
41,42,0,2
39,42,0,3
39,42,0,4
51,42,0,5
36,42,0,6
35,42,0,7
34,42,0,8
34,42,0,9
44,42,0,10
43,42,1,0
41,42,1,1
40,42,1,2
40,42,1,3
52,42,1,4
38,42,1,5
38,42,1,6
37,42,1,7
36,42,1,8
33,42,1,9
46,42,1,10
33,42,2,0
43,42,2,1
42,42,2,2
41,42,2,3
53,42,2,4
40,42,2,5
37,42,2,6
39,42,2,7
36,42,2,8
35,42,2,9
38,42,2,10
34,42,3,0
37,42,3,1
36,42,3,2
43,42,3,3
46,42,3,4
45,42,3,5
35,42,3,6
45,42,3,7
43,42,3,8
35,42,3,9
41,42,3,10
41,42,4,0
40,42,4,1
44,42,4,2
44,42,4,3
42,42,4,4
39,42,4,5
45,42,4,6
42,42,4,7
38,42,4,8
37,42,4,9
36,42,4,10
41,42,5,0
40,42,5,1
38,42,5,2
44,42,5,3
37,42,5,4
39,42,5,5
47,42,5,6
46,42,5,7
39,42,5,8
46,42,5,9
43,42,5,10
42,42,6,0
42,42,6,1
47,42,6,2
40,42,6,3
44,42,6,4
48,42,6,5
39,42,6,6
45,42,6,7
41,42,6,8
43,42,6,9
47,42,6,10
49,42,7,0
46,42,7,1
48,42,7,2
45,42,7,3
43,42,7,4
38,42,7,5
42,42,7,6
43,42,7,7
40,42,7,8
51,42,7,9
41,42,7,10
39,42,8,0
48,42,8,1
47,42,8,2
48,42,8,3
45,42,8,4
47,42,8,5
45,42,8,6
44,42,8,7
44,42,8,8
42,42,8,9
41,42,8,10
40,42,9,0
51,42,9,1
50,42,9,2
49,42,9,3
50,42,9,4
48,42,9,5
46,42,9,6
46,42,9,7
42,42,9,8
42,42,9,9
41,42,9,10
52,42,10,0
51,42,10,1
50,42,10,2
46,42,10,3
47,42,10,4
47,42,10,5
45,42,10,6
44,42,10,7
44,42,10,8
54,42,10,9
52,42,10,10
51,42,11,0
50,42,11,1
49,42,11,2
50,42,11,3
49,42,11,4
47,42,11,5
49,42,11,6
46,42,11,7
44,42,11,8
45,42,11,9
54,42,11,10
55,42,12,0
53,42,12,1
43,42,12,2
51,42,12,3
53,42,12,4
49,42,12,5
48,42,12,6
44,42,12,7
47,42,12,8
46,42,12,9
45,42,12,10
56,42,13,0
43,42,13,1
53,42,13,2
52,42,13,3
52,42,13,4
51,42,13,5
49,42,13,6
49,42,13,7
48,42,13,8
46,42,13,9
46,42,13,10
43,42,14,0
53,42,14,1
55,42,14,2
54,42,14,3
52,42,14,4
50,42,14,5
51,42,14,6
50,42,14,7
45,42,14,8
48,42,14,9
48,42,14,10
57,42,15,0
56,42,15,1
47,42,15,2
53,42,15,3
54,42,15,4
41,42,15,5
50,42,15,6
48,42,15,7
37,42,15,8
47,42,15,9
36,42,15,10
43,43,0,0
34,43,0,1
52,43,0,2
40,43,0,3
43,43,0,4
49,43,0,5
41,43,0,6
40,43,0,7
39,43,0,8
42,43,0,9
37,43,0,10
44,43,1,0
35,43,1,1
39,43,1,2
42,43,1,3
55,43,1,4
35,43,1,5
38,43,1,6
33,43,1,7
41,43,1,8
34,43,1,9
38,43,1,10
45,43,2,0
44,43,2,1
37,43,2,2
42,43,2,3
36,43,2,4
35,43,2,5
39,43,2,6
38,43,2,7
43,43,2,8
40,43,2,9
41,43,2,10
39,43,3,0
45,43,3,1
44,43,3,2
43,43,3,3
36,43,3,4
42,43,3,5
46,43,3,6
46,43,3,7
38,43,3,8
37,43,3,9
36,43,3,10
44,43,4,0
43,43,4,1
45,43,4,2
47,43,4,3
39,43,4,4
42,43,4,5
41,43,4,6
40,43,4,7
49,43,4,8
48,43,4,9
40,43,4,10
47,43,5,0
37,43,5,1
47,43,5,2
44,43,5,3
45,43,5,4
43,43,5,5
44,43,5,6
41,43,5,7
40,43,5,8
41,43,5,9
39,43,5,10
49,43,6,0
38,43,6,1
48,43,6,2
46,43,6,3
45,43,6,4
46,43,6,5
42,43,6,6
44,43,6,7
42,43,6,8
40,43,6,9
41,43,6,10
39,43,7,0
40,43,7,1
50,43,7,2
48,43,7,3
47,43,7,4
49,43,7,5
47,43,7,6
44,43,7,7
42,43,7,8
43,43,7,9
38,43,7,10
51,43,8,0
46,43,8,1
48,43,8,2
45,43,8,3
50,43,8,4
43,43,8,5
46,43,8,6
48,43,8,7
45,43,8,8
47,43,8,9
46,43,8,10
52,43,9,0
45,43,9,1
43,43,9,2
49,43,9,3
43,43,9,4
42,43,9,5
42,43,9,6
53,43,9,7
44,43,9,8
50,43,9,9
41,43,9,10
49,43,10,0
52,43,10,1
51,43,10,2
45,43,10,3
44,43,10,4
51,43,10,5
47,43,10,6
43,43,10,7
53,43,10,8
52,43,10,9
51,43,10,10
54,43,11,0
50,43,11,1
49,43,11,2
46,43,11,3
47,43,11,4
48,43,11,5
45,43,11,6
44,43,11,7
50,43,11,8
55,43,11,9
54,43,11,10
53,43,12,0
46,43,12,1
48,43,12,2
52,43,12,3
51,43,12,4
48,43,12,5
47,43,12,6
46,43,12,7
50,43,12,8
49,43,12,9
55,43,12,10
56,43,13,0
54,43,13,1
53,43,13,2
45,43,13,3
51,43,13,4
52,43,13,5
50,43,13,6
49,43,13,7
48,43,13,8
47,43,13,9
57,43,13,10
46,43,14,0
56,43,14,1
55,43,14,2
54,43,14,3
53,43,14,4
52,43,14,5
50,43,14,6
49,43,14,7
48,43,14,8
51,43,14,9
58,43,14,10
47,43,15,0
56,43,15,1
55,43,15,2
54,43,15,3
53,43,15,4
52,43,15,5
51,43,15,6
57,43,15,7
49,43,15,8
50,43,15,9
48,43,15,10
